,sentences,claim_label,is_claim_correct,Additional info
0,"If you are running a startup, offering exceptional support can truly set your business apart.",0,na,na
1,"While Intercom has been a go-to for managing customer relationships, it's time to explore Intercom alternatives that better fit the evolving startup scene.",0,na,na
2,Intercom offers a seamless blend of automation and personalization to help startups connect with their customers.,1,yes,The claim is supported by the observation.
3,"But talking about startups, we need much more than a customer relationship management tool.",0,na,na
4,"To smoothly manage our workflow, we require something that better aligns with our current business trajectory.",0,na,na
5,"This blog is crafted with one mission: to guide you through the various options available, spotlighting the top alternatives to Intercom that are making a significant impact in 2023.",0,na,na
6,"Our research is thorough, drawing from user reviews, feature comparisons, and pricing analyses to ensure you have the information you need to make an informed decision.",0,na,na
7,"And why, you might ask, is this quest so important?",0,na,na
8,"To give you more, according to Hubspot customer data, a staggering 68% of customers are willing to pay a premium for products and services from a brand known for its stellar customer service.",1,yes,"According to Hubspot customer data, 65% of US consumers are willing to pay a premium for products and services from a brand known for its stellar customer service."
9,"In the startup world, where all the interaction counts and every customer is a potential brand ambassador, this is a statistic you can't afford to ignore.",0,na,na
10,"So, whether you're feeling the pinch of Intercom's pricing, seeking more robust integrations, or just curious about what else is out there, you're in the right place.",0,na,na
11,"Dive in, explore, and discover the best Intercom alternative support tools that could be the game-changers for your startup in 2023.",0,na,na
